[
    {
        "name": "Deepracerday",
        "date": "2024-02-07",
        "location": "Office",
        "description": "DeepRacer dag gericht op platformactiviteiten.",
        "type": "previous",
        "likes": 33,
        "comments": [
            {
                "comment_id": 1,
                "name": "Sjaak",
                "text": "Geweldig om de DeepRacer in actie te zien!"
            },
            {
                "comment_id": 2,
                "name": "John",
                "text": "Geweldige leerervaring."
            }
        ]
    },
    {
        "name": "Spelletjesavond",
        "date": "2024-02-22",
        "location": "Office",
        "description": "Een avond vol spellen en plezier.",
        "type": "previous",
        "likes": 47,
        "comments": [
            {
                "comment_id": 1,
                "name": "Henry",
                "text": "Geweldig genoten van alle bordspellen!"
            },
            {
                "comment_id": 2,
                "name": "Patricia",
                "text": "Geweldige avond met collega's."
            }
        ]
    },
    {
        "name": "Maandafsluiting",
        "date": "2024-03-01",
        "location": "Office",
        "description": "Einde van de maand vergadering en viering.",
        "type": "previous",
        "likes": 29,
        "comments": [
            {
                "comment_id": 1,
                "name": "Kees",
                "text": "Productieve maandafsluiting."
            },
            {
                "comment_id": 2,
                "name": "Monique",
                "text": "Goed om de maand af te sluiten."
            }
        ]
    },
    {
        "name": "Maandafsluiting",
        "date": "2024-11-29",
        "location": "Office",
        "description": "Einde van de maand en jaar vergadering en viering.",
        "type": "upcoming"
    },
    {
        "name": "Maandafsluiting",
        "date": "2024-03-29",
        "location": "Office",
        "description": "Einde van de maand vergadering en viering.",
        "type": "previous"
    },
    {
        "name": "Aftermovie Ardennen? Filmavond",
        "date": "2024-04-18",
        "location": "Office",
        "description": "Voorgestelde activiteiten: Aftermovie Ardennen of een filmavond met voldoende zitplaatsen in de woonkamer.",
        "type": "previous"
    },
    {
        "name": "Meeloopmiddag externen",
        "date": "2024-05-16",
        "location": "Office",
        "description": "Middag evenement om studenten te trekken met interessante cursussen. Begint om 16:00.",
        "type": "previous"
    },
    {
        "name": "Fietstour",
        "date": "2024-05-23",
        "location": "TBD",
        "description": "Fietstocht georganiseerd door Patricia. Opties voor race/MTB en het huren van fietsen.",
        "type": "previous"
    },
    {
        "name": "Sportdag / Zomer BBQ / Zomerfeest",
        "date": "2024-06-06",
        "location": "TBD",
        "description": "Sportdag, zomer BBQ, en zomerfeest met extra activiteiten zoals suppen. Georganiseerd met dezelfde aanpak als andere evenementen.",
        "type": "previous"
    },
    {
        "name": "WK kijken - NL",
        "date": "2024-06-17",
        "location": "N.T.B.",
        "description": "Kijken naar de WK-wedstrijd van Nederland.",
        "type": "previous",
        "likes": 45,
        "comments": [
            {
                "comment_id": 1,
                "name": "Hannie",
                "text": "Geweldige wedstrijd! Genoten om met iedereen te kijken."
            },
            {
                "comment_id": 2,
                "name": "Barend",
                "text": "De sfeer was geweldig!"
            }
        ]
    },
    {
        "name": "Maandafsluiting",
        "date": "2024-11-01",
        "location": "Office",
        "description": "Einde van de maand vergadering en viering.",
        "type": "upcoming"
    },
    {
        "name": "WK wedstrijd NL-Oostenrijk",
        "date": "2024-06-25",
        "time": "18:00",
        "location": "N.T.B.",
        "description": "Kijken naar de WK-wedstrijd tussen Nederland en Oostenrijk. Snacks en drankjes voorzien.",
        "type": "previous",
        "likes": 52,
        "comments": [
            {
                "comment_id": 1,
                "name": "Job",
                "text": "Spannende wedstrijd! Geweldige snacks en drankjes."
            },
            {
                "comment_id": 2,
                "name": "Johan",
                "text": "Genoten van de wedstrijd en het bier!"
            }
        ]
    },
    {
        "name": "Maandafsluiting",
        "date": "2024-06-28",
        "location": "Office",
        "description": "Einde van de maand vergadering en viering.",
        "type": "previous",
        "likes": 35,
        "comments": [
            {
                "comment_id": 1,
                "name": "Tristan",
                "text": "Geweldige manier om de maand af te sluiten!"
            },
            {
                "comment_id": 2,
                "name": "Sanne",
                "text": "Geweldige teamgeest!"
            }
        ]
    },
    {
        "name": "Spelletjesavond",
        "date": "2024-07-05",
        "location": "Office",
        "description": "Een avond vol spellen en plezier. Teams worden gevormd op basis van uitnodigingen, met eten en drinken.",
        "type": "previous",
        "likes": 40,
        "comments": [
            {
                "comment_id": 1,
                "name": "Samuël",
                "text": "Super leuke spellenavond!"
            },
            {
                "comment_id": 2,
                "name": "Tim",
                "text": "Geweldige teamactiviteiten."
            }
        ]
    },
    {
        "name": "Dumpling avond PM & CM",
        "date": "2024-02-15",
        "location": "Office",
        "description": "Dumpling avond voor PM & CM teams.",
        "type": "previous",
        "likes": 42,
        "comments": [
            {
                "comment_id": 1,
                "name": "Peter",
                "text": "De dumplings waren heerlijk, top!"
            },
            {
                "comment_id": 2,
                "name": "Harry",
                "text": "Was echt heerlijk, leuk gedaan!"
            }
        ]
    },
    {
        "name": "Zomer Beach Volleyball",
        "date": "2024-07-12",
        "location": "Strand van IJmuiden, Paviljoen Zuidpier",
        "description": "Beachvolleybal toernooi met eten en een feest. Tijden: 11:00 start, 16:30 finale, 17:00 feest, 23:00 einde.",
        "type": "previous",
        "likes": 75,
        "comments": [
            {
                "comment_id": 1,
                "name": "Tom",
                "text": "Wat een interessant onderwerp."
            },
            {
                "comment_id": 2,
                "name": "Karin",
                "text": "Kunnen we het de volgende keer over WebGL hebben?"
            }
        ]
    },
    {
        "name": "Maandafsluiting - Spelletjesavond",
        "date": "2024-08-02",
        "location": "Office",
        "description": "Einde van de maand vergadering gecombineerd met een spellenavond.",
        "type": "previous",
        "likes": 93,
        "comments": [
      {
          "comment_id": 1,
          "name": "Wim",
          "text": "Leuke spellen!"
      }
  ]
    },
    {
        "name": "Maandafsluiting - Jeu de boules toernooi",
        "date": "2024-08-30",
        "location": "Outside field",
        "description": "Einde van de maand vergadering met een jeu de boules toernooi.",
        "type": "previous",
        "likes": 15,
        "comments": [
      {
          "comment_id": 1,
          "name": "Menno",
          "text": "Jeu de boules was lastig, maar wel leuk. Ik kijk uit naar volgend jaar!"
      }
  ]
    },
    {
        "name": "Maandafsluiting",
        "date": "2024-09-04",
        "location": "Office",
        "description": "Einde van de maand vergadering en viering.",
        "type": "previous",
        "likes": 23
    },
    {
        "name": "Interactieve kennissessie",
        "date": "2024-09-12",
        "location": "Office",
        "description": "Interactieve kennissessie over een actueel onderwerp door een van de afdelingen binnen het bedrijf, inclusief een praatje en workshop, gevolgd door eten en drinken. Alleen intern.",
        "type": "previous",
        "likes": 17,
        "comments": [
      {
          "comment_id": 1,
          "name": "Ton",
          "text": "Geweldig toernooi en feest!"
      },
      {
          "comment_id": 2,
          "name": "Leon",
          "text": "Geweldig evenement op het strand!"
      }
  ]
    },
    {
        "name": "Business Run",
        "date": "2024-06-21",
        "location": "https://grachtenloop.nl/bedrijvenloop/",
        "description": "Deelname aan de Business Run met Eva Hiencsh als contactpersoon.",
        "type": "previous",
        "likes": 60,
        "comments": [
            {
                "comment_id": 1,
                "name": "Eva",
                "text": "Het was een fantastische run! Kudos aan Eva voor de organisatie."
            },
            {
                "comment_id": 2,
                "name": "Tries",
                "text": "Geweldig om met collega's te rennen!"
            }
        ]
    },
    {
        "name": "Maandafsluiting + HalloweenFeest",
        "date": "2024-10-04",
        "location": "Office or other location",
        "description": "Einde van de maand vergadering gecombineerd met HalloweenFeest vieringen. Organiseer locatie, DJs, en bereid het kantoor voor op het evenement.",
        "type": "upcoming"
    },
    {
        "name": "Sinterklaas voor kids",
        "date": "2024-12-07",
        "location": "Office",
        "description": "Sinterklaas evenement voor kinderen waar kinderen van collega's naar kantoor komen voor cadeautjes.",
        "type": "upcoming"
    },
    {
        "name": "Maandafsluiting + Themafeest",
        "date": "2024-05-03",
        "location": "Office",
        "description": "Einde van de maand vergadering met een themafeest (Carnaval/Hawaii) of spelletjesavond. Catering door Barry.",
        "type": "previous"
    },
    {
        "name": "Kerstfeest",
        "date": "2024-12-11",
        "location": "Office or other location",
        "description": "Kerstfeest met dezelfde aanpak als andere feesten: organiseer locatie, DJs, en catering.",
        "type": "upcoming"
    }
  ]